{
	"info": {
		"_postman_id": "b66bb8f4-ca12-494e-9665-6ccab289570e",
		"name": "Link Shortener",
		"schema": "https://schema.getpostman.com/json/collection/v2.1.0/collection.json"
	},
	"item": [
		{
			"name": "Link",
			"item": [
				{
					"name": "Create Link",
					"request": {
						"auth": {
							"type": "bearer",
							"bearer": [
								{
									"key": "token",
									"value": "{{token}}",
									"type": "string"
								}
							]
						},
						"method": "POST",
						"header": [
							{
								"key": "Content-Type",
								"value": "application/json",
								"type": "default"
							}
						],
						"body": {
							"mode": "raw",
							"raw": "{\r\n    \"link\": \"https://facebook.com\"\r\n}",
							"options": {
								"raw": {
									"language": "json"
								}
							}
						},
						"url": {
							"raw": "{{host}}/api/v1/shortener/create",
							"host": [
								"{{host}}"
							],
							"path": [
								"api",
								"v1",
								"shortener",
								"create"
							]
						}
					},
					"response": [
						{
							"name": "Create Link",
							"originalRequest": {
								"method": "POST",
								"header": [
									{
										"key": "Content-Type",
										"value": "application/json",
										"type": "default"
									}
								],
								"body": {
									"mode": "raw",
									"raw": "{\r\n    \"link\": \"https://facebook.com\"\r\n}",
									"options": {
										"raw": {
											"language": "json"
										}
									}
								},
								"url": {
									"raw": "{{host}}/api/v1/shortener/create",
									"host": [
										"{{host}}"
									],
									"path": [
										"api",
										"v1",
										"shortener",
										"create"
									]
								}
							},
							"status": "OK",
							"code": 200,
							"_postman_previewlanguage": "json",
							"header": [
								{
									"key": "Date",
									"value": "Fri, 19 Aug 2022 21:33:28 GMT"
								},
								{
									"key": "Server",
									"value": "Apache/2.4.25 (Win32) OpenSSL/1.0.2j PHP/7.1.1"
								},
								{
									"key": "Vary",
									"value": "Authorization"
								},
								{
									"key": "X-Powered-By",
									"value": "PHP/7.1.1"
								},
								{
									"key": "Content-Length",
									"value": "258"
								},
								{
									"key": "Keep-Alive",
									"value": "timeout=5, max=98"
								},
								{
									"key": "Connection",
									"value": "Keep-Alive"
								},
								{
									"key": "Content-Type",
									"value": "application/json; charset=utf-8"
								}
							],
							"cookie": [],
							"body": "{\n    \"message\": \"لینک با موفقیت ساخته شد\",\n    \"status\": true,\n    \"data\": {\n        \"link_id\": 3,\n        \"link_original\": \"https://facebook.com\",\n        \"link_short\": \"http://localhost:8080/r/9db2ff\"\n    }\n}"
						}
					]
				},
				{
					"name": "Get All Links",
					"request": {
						"auth": {
							"type": "bearer",
							"bearer": [
								{
									"key": "token",
									"value": "{{token}}",
									"type": "string"
								}
							]
						},
						"method": "GET",
						"header": [
							{
								"key": "Content-Type",
								"value": "application/json",
								"type": "default"
							}
						],
						"url": {
							"raw": "{{host}}/api/v1/shortener/get-all?limit=10",
							"host": [
								"{{host}}"
							],
							"path": [
								"api",
								"v1",
								"shortener",
								"get-all"
							],
							"query": [
								{
									"key": "limit",
									"value": "10"
								}
							]
						}
					},
					"response": [
						{
							"name": "Get All Links",
							"originalRequest": {
								"method": "GET",
								"header": [
									{
										"key": "Content-Type",
										"value": "application/json",
										"type": "default"
									}
								],
								"url": {
									"raw": "{{host}}/api/v1/shortener/get-all?limit=10",
									"host": [
										"{{host}}"
									],
									"path": [
										"api",
										"v1",
										"shortener",
										"get-all"
									],
									"query": [
										{
											"key": "limit",
											"value": "10"
										}
									]
								}
							},
							"status": "OK",
							"code": 200,
							"_postman_previewlanguage": "json",
							"header": [
								{
									"key": "Date",
									"value": "Fri, 19 Aug 2022 21:33:42 GMT"
								},
								{
									"key": "Server",
									"value": "Apache/2.4.25 (Win32) OpenSSL/1.0.2j PHP/7.1.1"
								},
								{
									"key": "Vary",
									"value": "Authorization"
								},
								{
									"key": "X-Powered-By",
									"value": "PHP/7.1.1"
								},
								{
									"key": "Content-Length",
									"value": "415"
								},
								{
									"key": "Keep-Alive",
									"value": "timeout=5, max=100"
								},
								{
									"key": "Connection",
									"value": "Keep-Alive"
								},
								{
									"key": "Content-Type",
									"value": "application/json; charset=utf-8"
								}
							],
							"cookie": [],
							"body": "{\n    \"message\": \"اطلاعات دریافت شد\",\n    \"status\": true,\n    \"data\": [\n        {\n            \"link_id\": 1,\n            \"link_original\": \"https://google.com\",\n            \"suffix\": \"f32c7c\",\n            \"user_id\": 1,\n            \"deleted\": 0\n        },\n        {\n            \"link_id\": 2,\n            \"link_original\": \"https://yahoo.com\",\n            \"suffix\": \"acd9f5\",\n            \"user_id\": 1,\n            \"deleted\": 0\n        },\n        {\n            \"link_id\": 3,\n            \"link_original\": \"https://facebook.com\",\n            \"suffix\": \"9db2ff\",\n            \"user_id\": 1,\n            \"deleted\": 0\n        }\n    ]\n}"
						}
					]
				},
				{
					"name": "Delete Link",
					"request": {
						"auth": {
							"type": "bearer",
							"bearer": [
								{
									"key": "token",
									"value": "{{token}}",
									"type": "string"
								}
							]
						},
						"method": "DELETE",
						"header": [
							{
								"key": "Content-Type",
								"value": "application/json",
								"type": "default"
							}
						],
						"url": {
							"raw": "{{host}}/api/v1/shortener/delete/4",
							"host": [
								"{{host}}"
							],
							"path": [
								"api",
								"v1",
								"shortener",
								"delete",
								"4"
							]
						}
					},
					"response": [
						{
							"name": "Delete Link",
							"originalRequest": {
								"method": "DELETE",
								"header": [
									{
										"key": "Content-Type",
										"value": "application/json",
										"type": "default"
									}
								],
								"url": {
									"raw": "{{host}}/api/v1/shortener/delete/4",
									"host": [
										"{{host}}"
									],
									"path": [
										"api",
										"v1",
										"shortener",
										"delete",
										"4"
									]
								}
							},
							"status": "OK",
							"code": 200,
							"_postman_previewlanguage": "json",
							"header": [
								{
									"key": "Date",
									"value": "Fri, 19 Aug 2022 21:34:11 GMT"
								},
								{
									"key": "Server",
									"value": "Apache/2.4.25 (Win32) OpenSSL/1.0.2j PHP/7.1.1"
								},
								{
									"key": "Vary",
									"value": "Authorization"
								},
								{
									"key": "X-Powered-By",
									"value": "PHP/7.1.1"
								},
								{
									"key": "Content-Length",
									"value": "150"
								},
								{
									"key": "Keep-Alive",
									"value": "timeout=5, max=100"
								},
								{
									"key": "Connection",
									"value": "Keep-Alive"
								},
								{
									"key": "Content-Type",
									"value": "application/json; charset=utf-8"
								}
							],
							"cookie": [],
							"body": "{\n    \"message\": \"رکورد با موفقیت حذف شد\",\n    \"status\": true,\n    \"data\": []\n}"
						}
					]
				},
				{
					"name": "Edit Link",
					"request": {
						"auth": {
							"type": "bearer",
							"bearer": [
								{
									"key": "token",
									"value": "{{token}}",
									"type": "string"
								}
							]
						},
						"method": "PUT",
						"header": [
							{
								"key": "Content-Type",
								"value": "application/json",
								"type": "default"
							}
						],
						"body": {
							"mode": "raw",
							"raw": "{\r\n    \"link_id\": 5,\r\n    \"link\": \"http://google-new.com\"\r\n}",
							"options": {
								"raw": {
									"language": "json"
								}
							}
						},
						"url": {
							"raw": "{{host}}/api/v1/shortener/edit",
							"host": [
								"{{host}}"
							],
							"path": [
								"api",
								"v1",
								"shortener",
								"edit"
							]
						}
					},
					"response": [
						{
							"name": "Edit Link",
							"originalRequest": {
								"method": "PUT",
								"header": [
									{
										"key": "Content-Type",
										"value": "application/json",
										"type": "default"
									}
								],
								"body": {
									"mode": "raw",
									"raw": "{\r\n    \"link_id\": 5,\r\n    \"link\": \"http://google-new.com\"\r\n}",
									"options": {
										"raw": {
											"language": "json"
										}
									}
								},
								"url": {
									"raw": "{{host}}/api/v1/shortener/edit",
									"host": [
										"{{host}}"
									],
									"path": [
										"api",
										"v1",
										"shortener",
										"edit"
									]
								}
							},
							"status": "OK",
							"code": 200,
							"_postman_previewlanguage": "json",
							"header": [
								{
									"key": "Date",
									"value": "Fri, 19 Aug 2022 21:34:55 GMT"
								},
								{
									"key": "Server",
									"value": "Apache/2.4.25 (Win32) OpenSSL/1.0.2j PHP/7.1.1"
								},
								{
									"key": "Vary",
									"value": "Authorization"
								},
								{
									"key": "X-Powered-By",
									"value": "PHP/7.1.1"
								},
								{
									"key": "Content-Length",
									"value": "222"
								},
								{
									"key": "Keep-Alive",
									"value": "timeout=5, max=100"
								},
								{
									"key": "Connection",
									"value": "Keep-Alive"
								},
								{
									"key": "Content-Type",
									"value": "application/json; charset=utf-8"
								}
							],
							"cookie": [],
							"body": "{\n    \"message\": \"رکورد ویرایش شد\",\n    \"status\": false,\n    \"data\": {\n        \"link_id\": 6,\n        \"link_original\": \"http://google-new.com\",\n        \"link_short\": \"http://localhost:8080/r/7002d5\"\n    }\n}"
						}
					]
				}
			]
		},
		{
			"name": "User",
			"item": [
				{
					"name": "Login",
					"event": [
						{
							"listen": "test",
							"script": {
								"exec": [
									"var jsonData = JSON.parse(responseBody);\r",
									"pm.environment.set(\"token\", jsonData.data.token);"
								],
								"type": "text/javascript"
							}
						}
					],
					"request": {
						"method": "POST",
						"header": [
							{
								"key": "Content-Type",
								"value": "application/json",
								"type": "default"
							}
						],
						"body": {
							"mode": "raw",
							"raw": "{\r\n    \"username\": \"admin\",\r\n    \"password\": \"123\"\r\n}",
							"options": {
								"raw": {
									"language": "json"
								}
							}
						},
						"url": {
							"raw": "{{host}}/api/v1/user/login",
							"host": [
								"{{host}}"
							],
							"path": [
								"api",
								"v1",
								"user",
								"login"
							]
						}
					},
					"response": [
						{
							"name": "Login",
							"originalRequest": {
								"method": "POST",
								"header": [
									{
										"key": "Content-Type",
										"value": "application/json",
										"type": "default"
									}
								],
								"body": {
									"mode": "raw",
									"raw": "{\r\n    \"username\": \"admin\",\r\n    \"password\": \"123\"\r\n}",
									"options": {
										"raw": {
											"language": "json"
										}
									}
								},
								"url": {
									"raw": "{{host}}/api/v1/user/login",
									"host": [
										"{{host}}"
									],
									"path": [
										"api",
										"v1",
										"user",
										"login"
									]
								}
							},
							"status": "OK",
							"code": 200,
							"_postman_previewlanguage": "json",
							"header": [
								{
									"key": "Date",
									"value": "Fri, 19 Aug 2022 21:33:06 GMT"
								},
								{
									"key": "Server",
									"value": "Apache/2.4.25 (Win32) OpenSSL/1.0.2j PHP/7.1.1"
								},
								{
									"key": "X-Powered-By",
									"value": "PHP/7.1.1"
								},
								{
									"key": "Content-Length",
									"value": "404"
								},
								{
									"key": "Keep-Alive",
									"value": "timeout=5, max=100"
								},
								{
									"key": "Connection",
									"value": "Keep-Alive"
								},
								{
									"key": "Content-Type",
									"value": "application/json; charset=utf-8"
								}
							],
							"cookie": [],
							"body": "{\n    \"message\": \"ورود موفقیت آمیز بود\",\n    \"status\": true,\n    \"data\": {\n        \"token\": \"eyJ0eXAiOiJKV1QiLCJhbGciOiJIUzI1NiJ9.eyJpc3MiOiJUSEVfSVNTVUVSIiwiYXVkIjoiVEhFX0FVRElFTkNFIiwiaWF0IjoxNjYwOTQ0Nzg2LCJuYmYiOjE2NjA5NDQ3ODYsImV4cCI6MTY2MDk0ODM4NiwiZGF0YSI6eyJpZCI6MSwidXNlcm5hbWUiOiJhZG1pbiJ9fQ.hv7fig76z6tib3y08Pg2j_fpq9ZVLiIT9SkXjqhaUeo\"\n    }\n}"
						}
					]
				}
			]
		}
	]
}